{
  "totalKm": 142.6625831930074,
  "fraction": 0.007508557010158285
}