{
  "totalKm": 135.78491435638225,
  "fraction": 0.007146574439809592
}