{
  "totalKm": 131.1408908567006,
  "fraction": 0.0069021521503526626
}