{
  "totalKm": 135.78491435638227,
  "fraction": 0.007146574439809593
}